ID,NAME,ADDRESS,CITY,STATE,ZIP,ZIPP4,TELEPHONE,TYPE,STATUS,COUNTY,COUNTRY,LATITUDE,LONGITUDE,NAICS_CODE,NAICS_DESC,SOURCE_DATE,WEBSITE,ALT_NAME,OWNERSHIP,BEDS,TRAUMA,HELIPAD,GEN_FACILITY_TYPE
15127401,SELECT SPECIALTY HOSPITAL - GREENSBORO,1200 N ELM ST,GREENSBORO,NC,27401,NOT AVAILABLE,(336) 832-5700,GENERAL ACUTE CARE,OPEN,GUILFORD,USA,36.09101799,-79.78604811,622110,GENERAL MEDICAL AND SURGICAL HOSPITALS,2016-01-25T00:00:00.000Z,http://greensboro.selectspecialtyhospitals.com/,NOT AVAILABLE,PROPRIETARY,30,NOT AVAILABLE,NOT AVAILABLE,HOSPITAL
15027704,SELECT SPECIALTY HOSPITAL - DURHAM,3643 N ROXBORO ST,DURHAM,NC,27704,NOT AVAILABLE,(919) 470-9159,GENERAL ACUTE CARE,OPEN,DURHAM,USA,36.03749791,-78.9006067,622110,GENERAL MEDICAL AND SURGICAL HOSPITALS,2016-01-25T00:00:00.000Z,http://durham.selectspecialtyhospitals.com/,NOT AVAILABLE,PROPRIETARY,30,NOT AVAILABLE,NOT AVAILABLE,HOSPITAL
14927103,SELECT SPECIALTY HOSPITAL - WINSTON SALEM,3333 SILAS CREEK PKWY,WINSTON SALEM,NC,27103,NOT AVAILABLE,(336) 760-4668,GENERAL ACUTE CARE,OPEN,FORSYTH,USA,36.07472236,-80.29752273,622110,GENERAL MEDICAL AND SURGICAL HOSPITALS,2016-01-25T00:00:00.000Z,http://winstonsalem.selectspecialtyhospitals.com/,NOT AVAILABLE,PROPRIETARY,42,NOT AVAILABLE,NOT AVAILABLE,HOSPITAL
14828210,CAROLINA CONTINUECARE AT PINEVILLE,10648 PARK RD,CHARLOTTE,NC,28210,NOT AVAILABLE,(704) 667-8050,LONG TERM CARE,OPEN,MECKLENBURG,USA,35.09082721,-80.87122558,622310,"EXTENDED CARE HOSPITALS (EXCEPT MENTAL, SUBSTANCE ABUSE)",2016-01-25T00:00:00.000Z,http://continuecare.org/pineville/,NOT AVAILABLE,NON-PROFIT,40,NOT AVAILABLE,N,HOSPITAL
14728217,CAROLINA CONTINUECARE AT UNIVERSITY,8800 N TRYON ST,CHARLOTTE,NC,28217,NOT AVAILABLE,(704) 863-8300,LONG TERM CARE,OPEN,MECKLENBURG,USA,35.30675743,-80.74772609,622310,"EXTENDED CARE HOSPITALS (EXCEPT MENTAL, SUBSTANCE ABUSE)",2016-01-25T00:00:00.000Z,http://continuecare.org/charlotte/,NOT AVAILABLE,NON-PROFIT,35,NOT AVAILABLE,N,HOSPITAL
14628376,FIRSTHEALTH MOORE REGIONAL HOSPITAL - HOKE CAMPUS,1144 N RD ST,RAEFORD,NC,28376,NOT AVAILABLE,(910) 878-6000,GENERAL ACUTE CARE,OPEN,HOKE,USA,35.02100061,-79.14921866,622110,GENERAL MEDICAL AND SURGICAL HOSPITALS,2016-01-25T00:00:00.000Z,https://www.firsthealth.org/directory/hospitals-and-service-locations/firsthealth-moore-regional-hospital-hoke-campus,NOT AVAILABLE,NON-PROFIT,8,NOT AVAILABLE,Y,HOSPITAL
14528025,CAROLINAS REHABILITATION - NORTHEAST,487 LAKE CONCORD RD,CONCORD,NC,28025,NOT AVAILABLE,(704) 355-3398,REHABILITATION,OPEN,CABARRUS,USA,35.44281606,-80.60084365,622210,"REHABILITATION HOSPITALS (EXCEPT ALCOHOLISM, DRUG ADDICTION)",2016-01-25T00:00:00.000Z,http://www.carolinashealthcare.org/rehabilitation,NOT AVAILABLE,NON-PROFIT,40,NOT AVAILABLE,N,HOSPITAL
14428603,ALEXANDER HOSPITAL,PO BOX 2568,HICKORY,NC,28603,NOT AVAILABLE,(828) 377-4745,GENERAL ACUTE CARE,OPEN,ALEXANDER,USA,35.89837411,-81.17889455,622110,GENERAL MEDICAL AND SURGICAL HOSPITALS,2016-01-25T00:00:00.000Z,http://www.fryemedctr.com/en-US/Pages/default.aspx,NOT AVAILABLE,PROPRIETARY,25,NOT AVAILABLE,N,HOSPITAL
14328086,CAROLINAS CONTINUECARE AT KINGS MOUNTAIN,706 W KING ST,KINGS MOUNTAIN,NC,28086,NOT AVAILABLE,(980) 487-5520,LONG TERM CARE,OPEN,CLEVELAND,USA,35.24186511,-81.35654875,622310,"EXTENDED CARE HOSPITALS (EXCEPT MENTAL, SUBSTANCE ABUSE)",2016-01-25T00:00:00.000Z,http://continuecare.org/kings-mountain/,NOT AVAILABLE,NON-PROFIT,28,NOT AVAILABLE,N,HOSPITAL
14228170,CAPE FEAR VALLEY HOKE HOSPITAL,201 MEDICAL PAVILION DR,RAEFORD,NC,28376,NOT AVAILABLE,(910) 615-4000,GENERAL ACUTE CARE,OPEN,HOKE,USA,35.02973391,-79.10759204,622110,GENERAL MEDICAL AND SURGICAL HOSPITALS,2016-01-25T00:00:00.000Z,http://www.capefearvalley.com/hospitals/hoke.html,NOT AVAILABLE,NON-PROFIT,41,NOT AVAILABLE,N,HOSPITAL
14128170,CAROLINAS HEALTHCARE SYSTEM - ANSON,2301 US HIGHWAY 74 W,WADESBORO,NC,28170,NOT AVAILABLE,(704) 694-5131,GENERAL ACUTE CARE,OPEN,ANSON,USA,34.97772188,-80.11008562,622110,GENERAL MEDICAL AND SURGICAL HOSPITALS,2016-01-25T00:00:00.000Z,http://www.carolinashealthcare.org/anson,NOT AVAILABLE,GOVERNMENT - DISTRICT/AUTHORITY,15,NOT AVAILABLE,Y,HOSPITAL
13128533,NAVAL HEALTH CLINIC CHERRY POINT,BEAUFORT RD,CHERRY POINT,NC,28533,NOT AVAILABLE,(252) 466-0266,GENERAL ACUTE CARE,OPEN,CRAVEN,USA,34.89516554,-76.9086764,622110,GENERAL MEDICAL AND SURGICAL HOSPITALS,2016-01-25T00:00:00.000Z,http://www.med.navy.mil/sites/cpoint/Pages/default.aspx,NOT AVAILABLE,GOVERNMENT - DISTRICT/AUTHORITY,23,NOT AVAILABLE,NOT AVAILABLE,HOSPITAL
12528210,CAROLINAS MEDICAL CENTER-PINEVILLE,10628 PARK RD,CHARLOTTE,NC,28210,NOT AVAILABLE,(704) 543-2025,GENERAL ACUTE CARE,OPEN,MECKLENBURG,USA,35.09201218,-80.87161819,622110,GENERAL MEDICAL AND SURGICAL HOSPITALS,2016-01-25T00:00:00.000Z,http://www.carolinashealthcare.org/cmc-pineville,NOT AVAILABLE,GOVERNMENT - DISTRICT/AUTHORITY,206,NOT AVAILABLE,Y,HOSPITAL
12227403,WESLEY LONG COMMUNITY HOSPITAL,501 N ELAM AVE,GREENSBORO,NC,27403,NOT AVAILABLE,(336) 854-6100,GENERAL ACUTE CARE,OPEN,GUILFORD,USA,36.08342606,-79.82541858,622110,GENERAL MEDICAL AND SURGICAL HOSPITALS,2016-01-25T00:00:00.000Z,http://www.conehealth.com/locations/wesley-long-hospital,NOT AVAILABLE,NON-PROFIT,175,NOT AVAILABLE,NOT AVAILABLE,HOSPITAL
12127614,WAKEMED NORTH HEALTHPLEX,10000 FALLS OF NEUSE RD,RALEIGH,NC,27614,NOT AVAILABLE,(919) 350-1300,GENERAL ACUTE CARE,OPEN,WAKE,USA,35.90908232,-78.59783739,622110,GENERAL MEDICAL AND SURGICAL HOSPITALS,2016-01-25T00:00:00.000Z,http://www.wakemed.org/landing.cfm?id=1848,NOT AVAILABLE,NON-PROFIT,61,NOT AVAILABLE,NOT AVAILABLE,HOSPITAL
11927893,WILSON MEDICAL CENTER,1705 TARBORO ST SW,WILSON,NC,27893,NOT AVAILABLE,(252) 399-8040,GENERAL ACUTE CARE,OPEN,WILSON,USA,35.71855867,-77.94381309,622110,GENERAL MEDICAL AND SURGICAL HOSPITALS,2016-01-25T00:00:00.000Z,http://www.wilmed.org,NOT AVAILABLE,NON-PROFIT,317,NOT AVAILABLE,Y,HOSPITAL
11828659,WILKES REGIONAL MEDICAL CENTER,1370 W D ST,NORTH WILKESBORO,NC,28659,NOT AVAILABLE,(336) 651-8100,GENERAL ACUTE CARE,OPEN,WILKES,USA,36.15919304,-81.15791165,622110,GENERAL MEDICAL AND SURGICAL HOSPITALS,2016-01-25T00:00:00.000Z,http://www.wilkesregional.org,NOT AVAILABLE,GOVERNMENT - DISTRICT/AUTHORITY,130,NOT AVAILABLE,Y,HOSPITAL
11727533,WAYNE MEMORIAL HOSPITAL,2700 WAYNE MEMORIAL DR,GOLDSBORO,NC,27533,NOT AVAILABLE,(919) 736-1110,GENERAL ACUTE CARE,OPEN,WAYNE,USA,35.39848375,-77.9524687,622110,GENERAL MEDICAL AND SURGICAL HOSPITALS,2016-01-25T00:00:00.000Z,http://www.waynehealth.org,NOT AVAILABLE,NON-PROFIT,316,NOT AVAILABLE,Y,HOSPITAL
11628607,"WATAUGA MEDICAL CENTER, INC.",336 DEERFIELD RD,BOONE,NC,28607,NOT AVAILABLE,(828) 262-4100,GENERAL ACUTE CARE,OPEN,WATAUGA,USA,36.19846886,-81.65152936,622110,GENERAL MEDICAL AND SURGICAL HOSPITALS,2016-01-25T00:00:00.000Z,http://https://apprhs.org/locations/watauga-medical-center,NOT AVAILABLE,NON-PROFIT,117,NOT AVAILABLE,Y,HOSPITAL
11527962,WASHINGTON COUNTY HOSPITAL,958 U S HIGHWAY 64 E,PLYMOUTH,NC,27962,NOT AVAILABLE,(252) 793-4135,GENERAL ACUTE CARE,OPEN,WASHINGTON,USA,35.86278208,-76.72928368,622110,GENERAL MEDICAL AND SURGICAL HOSPITALS,2016-01-25T00:00:00.000Z,wch.hmccah.com/‎,NOT AVAILABLE,GOVERNMENT - LOCAL,49,NOT AVAILABLE,NOT AVAILABLE,HOSPITAL
11427511,WAKEMED CARY HOSPITAL,1900 KILDAIRE FARM RD,CARY,NC,27511,NOT AVAILABLE,(919) 350-2550,GENERAL ACUTE CARE,OPEN,WAKE,USA,35.74022405,-78.78145631,622110,GENERAL MEDICAL AND SURGICAL HOSPITALS,2016-01-25T00:00:00.000Z,http://www.wakemed.org/subhome.cfm?id=54,NOT AVAILABLE,NON-PROFIT,150,NOT AVAILABLE,Y,HOSPITAL
11327620,WAKEMED,3000 NEW BERN AVE,RALEIGH,NC,27620,NOT AVAILABLE,(919) 350-8000,GENERAL ACUTE CARE,OPEN,WAKE,USA,35.78451135,-78.58790197,622110,GENERAL MEDICAL AND SURGICAL HOSPITALS,2016-01-25T00:00:00.000Z,http://www.wakemed.org/subhome.cfm?id=52,NOT AVAILABLE,NON-PROFIT,870,I,Y,HOSPITAL
11228690,"VALDESE GENERAL HOSPITAL, INC.",720 MALCOLM BLVD,VALDESE,NC,28690,NOT AVAILABLE,(828) 874-2251,GENERAL ACUTE CARE,CLOSED,BURKE,USA,35.74812386,-81.52341992,622110,GENERAL MEDICAL AND SURGICAL HOSPITALS,2012-07-03T00:00:00.000Z,http://www.blueridgehealth.org,CAROLINAS HEALTHCARE SYSTEM BLUE RIDGE VALDESE,NON-PROFIT,131,NOT AVAILABLE,Y,HOSPITAL
11127514,UNIVERSITY OF NORTH CAROLINA HOSPITALS,101 MANNING DR,CHAPEL HILL,NC,27514,NOT AVAILABLE,(919) 966-4131,GENERAL ACUTE CARE,OPEN,ORANGE,USA,35.9045427,-79.04968923,622110,GENERAL MEDICAL AND SURGICAL HOSPITALS,2016-01-25T00:00:00.000Z,http://www.unchealthcare.org,NOT AVAILABLE,GOVERNMENT - STATE,896,LEVEL I,NOT AVAILABLE,HOSPITAL
11028712,"TRANSYLVANIA COMMUNITY HOSPITAL, INC. AND BRIDGEWAY",P O BOX 1116,BREVARD,NC,28712,NOT AVAILABLE,(828) 884-9111,GENERAL ACUTE CARE,OPEN,TRANSYLVANIA,USA,35.2561391,-82.71191029,622110,GENERAL MEDICAL AND SURGICAL HOSPITALS,2016-01-25T00:00:00.000Z,http://www.trhospital.org,NOT AVAILABLE,NON-PROFIT,94,NOT AVAILABLE,Y,HOSPITAL
10927360,NOVANT HEALTH THOMASVILLE MEDICAL CENTER,207 OLD LEXINGTON RD,THOMASVILLE,NC,27360,NOT AVAILABLE,(336) 472-2000,GENERAL ACUTE CARE,OPEN,DAVIDSON,USA,35.87988512,-80.11147956,622110,GENERAL MEDICAL AND SURGICAL HOSPITALS,2016-01-25T00:00:00.000Z,https://www.novanthealth.org/thomasville-medical-center.aspx,THOMASVILLE MEDICAL CENTER,NON-PROFIT,149,NOT AVAILABLE,NOT AVAILABLE,HOSPITAL
10827959,THE OUTER BANKS HOSPITAL,4800 S CROATAN HIGHWAY,NAGS HEAD,NC,27959,NOT AVAILABLE,(252) 449-4500,GENERAL ACUTE CARE,OPEN,DARE,USA,35.9398365,-75.61764914,622110,GENERAL MEDICAL AND SURGICAL HOSPITALS,2016-01-25T00:00:00.000Z,http://www.theouterbankshospital.com,NOT AVAILABLE,NON-PROFIT,21,NOT AVAILABLE,Y,HOSPITAL
10728752,MCDOWELL HOSPITAL,430 RANKIN DR,MARION,NC,28752,NOT AVAILABLE,(828) 659-5000,GENERAL ACUTE CARE,OPEN,MCDOWELL,USA,35.66339557,-82.02847628,622110,GENERAL MEDICAL AND SURGICAL HOSPITALS,2016-01-25T00:00:00.000Z,http://www.mcdhospital.org,NOT AVAILABLE,NON-PROFIT,65,NOT AVAILABLE,Y,HOSPITAL
10628713,SWAIN COMMUNITY HOSPITAL,45 PLATEAU ST,BRYSON CITY,NC,28713,NOT AVAILABLE,(828) 488-2155,GENERAL ACUTE CARE,OPEN,SWAIN,USA,35.43448549,-83.44479257,622110,GENERAL MEDICAL AND SURGICAL HOSPITALS,2016-01-25T00:00:00.000Z,http://www.myswaincommunity.com/,NOT AVAILABLE,NON-PROFIT,48,NOT AVAILABLE,Y,HOSPITAL
10527016,PIONEER COMMUNITY HOSPITAL OF STOKES,1570 NC 8 & 89 HWY N,DANBURY,NC,27016,NOT AVAILABLE,(336) 593-2831,GENERAL ACUTE CARE,OPEN,STOKES,USA,36.418068,-80.23107621,622110,GENERAL MEDICAL AND SURGICAL HOSPITALS,2016-01-25T00:00:00.000Z,http://www.pchstokes.com/,NOT AVAILABLE,PROPRIETARY,93,NOT AVAILABLE,NOT AVAILABLE,HOSPITAL
10428002,CAROLINAS HEALTHCARE SYSTEM STANLY,301 YADKIN ST,ALBEMARLE,NC,28002,NOT AVAILABLE,(704) 984-4347,GENERAL ACUTE CARE,OPEN,STANLY,USA,35.3644432,-80.19482266,622110,GENERAL MEDICAL AND SURGICAL HOSPITALS,2016-01-25T00:00:00.000Z,http://www.stanly.org,STANLY REGIONAL MEDICAL CENTER,GOVERNMENT - DISTRICT/AUTHORITY,109,NOT AVAILABLE,Y,HOSPITAL
10328722,ST. LUKE'S HOSPITAL,101 HOSPITAL DR,COLUMBUS,NC,28722,NOT AVAILABLE,(828) 894-3311,GENERAL ACUTE CARE,OPEN,POLK,USA,35.23946794,-82.21262408,622110,GENERAL MEDICAL AND SURGICAL HOSPITALS,2016-01-25T00:00:00.000Z,http://www.saintlukeshospital.com,NOT AVAILABLE,NON-PROFIT,35,NOT AVAILABLE,Y,HOSPITAL
10228359,SOUTHEASTERN REGIONAL MEDICAL CENTER,300 W 27TH ST,LUMBERTON,NC,28359,NOT AVAILABLE,(910) 671-5000,GENERAL ACUTE CARE,OPEN,ROBESON,USA,34.63691079,-79.01212953,622110,GENERAL MEDICAL AND SURGICAL HOSPITALS,2016-01-25T00:00:00.000Z,http://www.srmc.org/main/,NOT AVAILABLE,PROPRIETARY,452,NOT AVAILABLE,NOT AVAILABLE,HOSPITAL
10128352,SCOTLAND MEMORIAL HOSPITAL AND EDWIN MORGAN CENTER,500 LAUCHWOOD DR,LAURINBURG,NC,28352,NOT AVAILABLE,(910) 291-7000,GENERAL ACUTE CARE,OPEN,SCOTLAND,USA,34.75316918,-79.46980141,622110,GENERAL MEDICAL AND SURGICAL HOSPITALS,2016-01-25T00:00:00.000Z,http://www.scotlandhealth.org/getpage.php?name=index,NOT AVAILABLE,PROPRIETARY,104,NOT AVAILABLE,Y,HOSPITAL
10028345,SANDHILLS REGIONAL MEDICAL CENTER,1000 W HAMLET AVE,HAMLET,NC,28345,NOT AVAILABLE,(910) 205-8000,GENERAL ACUTE CARE,OPEN,RICHMOND,USA,34.90181201,-79.70852145,622110,GENERAL MEDICAL AND SURGICAL HOSPITALS,2016-01-25T00:00:00.000Z,http://www.sandhillsregional.com,NOT AVAILABLE,PROPRIETARY,64,NOT AVAILABLE,Y,HOSPITAL
9928329,SAMPSON REGIONAL MEDICAL CENTER,607 BEAMAN ST,CLINTON,NC,28329,NOT AVAILABLE,(910) 592-8511,GENERAL ACUTE CARE,OPEN,SAMPSON,USA,35.0071833,-78.32448767,622110,GENERAL MEDICAL AND SURGICAL HOSPITALS,2016-01-25T00:00:00.000Z,http://www.sampsonrmc.org,NOT AVAILABLE,GOVERNMENT - LOCAL,146,NOT AVAILABLE,Y,HOSPITAL
9828139,"RUTHERFORD HOSPITAL, INC.",288 S RIDGECREST AVE,RUTHERFORDTON,NC,28139,NOT AVAILABLE,(828) 286-5000,GENERAL ACUTE CARE,OPEN,RUTHERFORD,USA,35.36235121,-81.96559595,622110,GENERAL MEDICAL AND SURGICAL HOSPITALS,2016-01-25T00:00:00.000Z,http://www.rutherfordhosp.org,NOT AVAILABLE,NON-PROFIT,143,NOT AVAILABLE,Y,HOSPITAL
9728144,NOVANT HEALTH ROWAN MEDICAL CENTER,612 MOCKSVILLE AVE,SALISBURY,NC,28144,NOT AVAILABLE,(704) 210-5000,GENERAL ACUTE CARE,OPEN,ROWAN,USA,35.68126984,-80.47070794,622110,GENERAL MEDICAL AND SURGICAL HOSPITALS,2016-01-25T00:00:00.000Z,https://www.novanthealth.org/rowan-medical-center.aspx,ROWAN REGIONAL MEDICAL CENTER,NON-PROFIT,268,NOT AVAILABLE,NOT AVAILABLE,HOSPITAL
9627910,VIDANT ROANOKE-CHOWAN HOSPITAL,500 S ACADEMY ST,AHOSKIE,NC,27910,NOT AVAILABLE,(252) 209-3000,GENERAL ACUTE CARE,OPEN,HERTFORD,USA,36.2854313,-76.99523498,622110,GENERAL MEDICAL AND SURGICAL HOSPITALS,2016-01-25T00:00:00.000Z,https://www.vidanthealth.com/roanokechowan/dynamic-detail.aspx?id=449,NOT AVAILABLE,NON-PROFIT,114,NOT AVAILABLE,NOT AVAILABLE,HOSPITAL
9527607,REX HOSPITAL,4420 LAKE BOONE TRL,RALEIGH,NC,27607,NOT AVAILABLE,(919) 784-3100,GENERAL ACUTE CARE,OPEN,WAKE,USA,35.81748864,-78.70317191,622110,GENERAL MEDICAL AND SURGICAL HOSPITALS,2016-01-25T00:00:00.000Z,http://www.rexhealth.com,NOT AVAILABLE,NON-PROFIT,514,LEVEL I,NOT AVAILABLE,HOSPITAL
9427204,RANDOLPH HOSPITAL,364 WHITE OAK ST,ASHEBORO,NC,27204,NOT AVAILABLE,(336) 625-5151,GENERAL ACUTE CARE,OPEN,RANDOLPH,USA,35.71144461,-79.81422804,622110,GENERAL MEDICAL AND SURGICAL HOSPITALS,2016-01-25T00:00:00.000Z,http://www.randolphhospital.org,NOT AVAILABLE,NON-PROFIT,145,NOT AVAILABLE,Y,HOSPITAL
9327810,PUNGO DISTRICT HOSPITAL CORPORATION,202 E WATER ST,BELHAVEN,NC,27810,NOT AVAILABLE,(252) 943-2111,GENERAL ACUTE CARE,CLOSED,BEAUFORT,USA,35.53785037,-76.62331912,622110,GENERAL MEDICAL AND SURGICAL HOSPITALS,2012-07-03T00:00:00.000Z,http://www.vidanthealth.com/vidant/dynamic-detail.aspx?id=11781,NOT AVAILABLE,NON-PROFIT,49,NOT AVAILABLE,Y,HOSPITAL
9228207,NOVANT HOSPITAL CHARLOTTE ORTHOPEDIC HOSPITAL,1901 RANDOLPH RD,CHARLOTTE,NC,28207,NOT AVAILABLE,(704) 316-2000,GENERAL ACUTE CARE,OPEN,MECKLENBURG,USA,35.2107976,-80.82352152,622110,GENERAL MEDICAL AND SURGICAL HOSPITALS,2016-01-25T00:00:00.000Z,https://www.novanthealth.org/charlotte-orthopedic-hospital.aspx,CHARLOTTE ORTHOPEDIC HOSPITAL,NON-PROFIT,80,NOT AVAILABLE,NOT AVAILABLE,HOSPITAL
9127804,LIFECARE HOSPITALS OF NORTH CAROLINA,1051 NOELL LN,ROCKY MOUNT,NC,27804,NOT AVAILABLE,(252) 451-2300,LONG TERM CARE,OPEN,NASH,USA,35.97141262,-77.82118376,622310,"EXTENDED CARE HOSPITALS (EXCEPT MENTAL, SUBSTANCE ABUSE)",2016-01-25T00:00:00.000Z,http://www.lifecare-hospitals.com,NOT AVAILABLE,PROPRIETARY,50,NOT AVAILABLE,NOT AVAILABLE,HOSPITAL
9028144,W. G. (BILL) HEFNER VA MEDICAL CENTER,1601 BRENNER AVE,SALISBURY,NC,28144,NOT AVAILABLE,(704) 638-9000,MILITARY,OPEN,ROWAN,USA,35.68419984,-80.48815776,622110,GENERAL MEDICAL AND SURGICAL HOSPITALS,2016-04-22T00:00:00.000Z,http://www.salisbury.va.gov/,NOT AVAILABLE,GOVERNMENT - FEDERAL,484,NOT AVAILABLE,Y,HOSPITAL
9027293,LEXINGTON MEMORIAL HOSPITAL,250 HOSPITAL DR,LEXINGTON,NC,27293,NOT AVAILABLE,(336) 248-5161,GENERAL ACUTE CARE,OPEN,DAVIDSON,USA,35.80615015,-80.28673542,622110,GENERAL MEDICAL AND SURGICAL HOSPITALS,2016-01-25T00:00:00.000Z,http://lexington.wakehealth.edu/,NOT AVAILABLE,NON-PROFIT,94,NOT AVAILABLE,Y,HOSPITAL
8928805,CHARLES GEORGE VA MEDICAL CENTER,1100 TUNNEL RD,ASHEVILLE,NC,28805,NOT AVAILABLE,(828) 298-7911,MILITARY,OPEN,BUNCOMBE,USA,35.58861379,-82.48354085,622110,GENERAL MEDICAL AND SURGICAL HOSPITALS,2016-04-22T00:00:00.000Z,http://www.asheville.va.gov/,NOT AVAILABLE,GOVERNMENT - FEDERAL,273,NOT AVAILABLE,N,HOSPITAL
8928503,"LENOIR MEMORIAL HOSPITAL, INC.",100 AIRPORT RD,KINSTON,NC,28503,NOT AVAILABLE,(252) 522-7797,GENERAL ACUTE CARE,OPEN,LENOIR,USA,35.29034063,-77.58328281,622110,GENERAL MEDICAL AND SURGICAL HOSPITALS,2016-01-25T00:00:00.000Z,http://www.lenoirmemorial.org,NOT AVAILABLE,NON-PROFIT,261,NOT AVAILABLE,Y,HOSPITAL
8828117,LAKE NORMAN REGIONAL MEDICAL CENTER,171 FAIRVIEW RD,MOORESVILLE,NC,28117,NOT AVAILABLE,(704) 660-4010,GENERAL ACUTE CARE,OPEN,IREDELL,USA,35.54920478,-80.8535723,622110,GENERAL MEDICAL AND SURGICAL HOSPITALS,2016-01-25T00:00:00.000Z,http://www.lnrmc.com,NOT AVAILABLE,PROPRIETARY,105,NOT AVAILABLE,Y,HOSPITAL
8728086,CAROLINAS HEALTHCARE SYSTEM KINGS MOUNTAIN,706 W KING ST,KINGS MOUNTAIN,NC,28086,NOT AVAILABLE,(704) 739-3601,GENERAL ACUTE CARE,OPEN,CLEVELAND,USA,35.24156054,-81.35705796,622110,GENERAL MEDICAL AND SURGICAL HOSPITALS,2016-01-25T00:00:00.000Z,http://www.carolinashealthcare.org/kings-mountain,KINGS MOUNTAIN HOSPITAL,NON-PROFIT,102,NOT AVAILABLE,Y,HOSPITAL
8627406,KINDRED HOSPITAL - GREENSBORO,2401 SOUTHSIDE BLVD,GREENSBORO,NC,27406,NOT AVAILABLE,(336) 271-2800,GENERAL ACUTE CARE,OPEN,GUILFORD,USA,36.04926383,-79.77036502,622110,GENERAL MEDICAL AND SURGICAL HOSPITALS,2016-01-25T00:00:00.000Z,http://www.khgreensboro.com,NOT AVAILABLE,PROPRIETARY,124,NOT AVAILABLE,NOT AVAILABLE,HOSPITAL
8528301,VA MEDICAL CENTER - FAYETTEVILLE,2300 RAMSEY ST,FAYETTEVILLE,NC,28301,NOT AVAILABLE,(910) 488-2120,MILITARY,OPEN,CUMBERLAND,USA,35.08782262,-78.87695584,622110,GENERAL MEDICAL AND SURGICAL HOSPITALS,2016-04-22T00:00:00.000Z,http://www.fayettevillenc.va.gov/,NOT AVAILABLE,GOVERNMENT - FEDERAL,127,NOT AVAILABLE,N,HOSPITAL
8527577,JOHNSTON MEDICAL CENTER - SMITHFIELD,509 N BRIGHT LEAF BLVD,SMITHFIELD,NC,27577,NOT AVAILABLE,(919) 934-8171,GENERAL ACUTE CARE,OPEN,JOHNSTON,USA,35.51441458,-78.33498078,622110,GENERAL MEDICAL AND SURGICAL HOSPITALS,2016-01-25T00:00:00.000Z,http://www.johnstonhealth.org/,NOT AVAILABLE,GOVERNMENT - DISTRICT/AUTHORITY,199,NOT AVAILABLE,Y,HOSPITAL
8428461,J. ARTHUR DOSHER MEMORIAL HOSPITAL,924 HOWE ST,SOUTHPORT,NC,28461,NOT AVAILABLE,(910) 457-3800,GENERAL ACUTE CARE,OPEN,BRUNSWICK,USA,33.92966195,-78.02159031,622110,GENERAL MEDICAL AND SURGICAL HOSPITALS,2016-01-25T00:00:00.000Z,http://www.dosher.org,NOT AVAILABLE,NON-PROFIT,100,NOT AVAILABLE,NOT AVAILABLE,HOSPITAL
8328677,"IREDELL MEMORIAL HOSPITAL, INCORPORATED",557 BROOKDALE DR,STATESVILLE,NC,28677,NOT AVAILABLE,(704) 878-4500,GENERAL ACUTE CARE,OPEN,IREDELL,USA,35.79926153,-80.87806834,622110,GENERAL MEDICAL AND SURGICAL HOSPITALS,2016-01-25T00:00:00.000Z,http://www.iredellmemorial.org,NOT AVAILABLE,NON-PROFIT,247,NOT AVAILABLE,Y,HOSPITAL
8228621,"HUGH CHATHAM MEMORIAL HOSPITAL, INC.",180 PARKWOOD DR,ELKIN,NC,28621,NOT AVAILABLE,(336) 527-7000,GENERAL ACUTE CARE,OPEN,SURRY,USA,36.26186461,-80.83830267,622110,GENERAL MEDICAL AND SURGICAL HOSPITALS,2016-01-25T00:00:00.000Z,http://www.hughchatham.org,NOT AVAILABLE,NON-PROFIT,93,NOT AVAILABLE,Y,HOSPITAL
8127705,VA MEDICAL CENTER - DURHAM,508 FULTON ST,DURHAM,NC,27705,NOT AVAILABLE,(919) 286-0411,MILITARY,OPEN,DURHAM,USA,36.00951207,-78.93883233,622110,GENERAL MEDICAL AND SURGICAL HOSPITALS,2016-04-22T00:00:00.000Z,http://www.durham.va.gov/,NOT AVAILABLE,GOVERNMENT - FEDERAL,251,NOT AVAILABLE,N,HOSPITAL
8127055,YADKIN VALLEY COMMUNITY HOSPITAL,624 W MAIN ST,YADKINVILLE,NC,27055,NOT AVAILABLE,(336) 679-2041,GENERAL ACUTE CARE,OPEN,YADKIN,USA,36.13528392,-80.67112548,622110,GENERAL MEDICAL AND SURGICAL HOSPITALS,2016-01-25T00:00:00.000Z,http://www.yadkinhospital.com/,NOT AVAILABLE,NON-PROFIT,22,NOT AVAILABLE,NOT AVAILABLE,HOSPITAL
8028301,HIGHSMITH-RAINEY MEMORIAL HOSPITAL,150 ROBESON ST,FAYETTEVILLE,NC,28301,NOT AVAILABLE,(910) 609-1434,GENERAL ACUTE CARE,OPEN,CUMBERLAND,USA,35.05430317,-78.8881543,622110,GENERAL MEDICAL AND SURGICAL HOSPITALS,2016-01-25T00:00:00.000Z,http://www.capefearvalley.com/hospitals/hrsh.html,NOT AVAILABLE,NON-PROFIT,66,NOT AVAILABLE,NOT AVAILABLE,HOSPITAL
7928741,HIGHLANDS-CASHIERS HOSPITAL,190 HOSPITAL DR,HIGHLANDS,NC,28741,NOT AVAILABLE,(828) 526-1200,GENERAL ACUTE CARE,OPEN,MACON,USA,35.08658651,-83.18589113,622110,GENERAL MEDICAL AND SURGICAL HOSPITALS,2016-01-25T00:00:00.000Z,http://www.hchospital.org,NOT AVAILABLE,NON-PROFIT,24,NOT AVAILABLE,Y,HOSPITAL
7827261,HIGH POINT REGIONAL HEALTH SYSTEM,601 N ELM ST,HIGH POINT,NC,27261,NOT AVAILABLE,(336) 878-6000,GENERAL ACUTE CARE,OPEN,GUILFORD,USA,35.9628238,-80.01339432,622110,GENERAL MEDICAL AND SURGICAL HOSPITALS,2016-01-25T00:00:00.000Z,http://www.highpointregional.com,NOT AVAILABLE,NON-PROFIT,384,NOT AVAILABLE,Y,HOSPITAL
7727886,VIDANTE EDGECOMBE HOSPITAL,111 HOSPITAL DR,TARBORO,NC,27886,NOT AVAILABLE,(252) 641-7700,GENERAL ACUTE CARE,OPEN,EDGECOMBE,USA,35.92103141,-77.55591562,622110,GENERAL MEDICAL AND SURGICAL HOSPITALS,2016-01-25T00:00:00.000Z,https://www.vidanthealth.com/edgecombe/,NOT AVAILABLE,NON-PROFIT,117,NOT AVAILABLE,Y,HOSPITAL
7628721,MEDWEST - HAYWOOD,262 LEROY GEORGE DR,CLYDE,NC,28721,NOT AVAILABLE,(828) 456-7311,GENERAL ACUTE CARE,OPEN,HAYWOOD,USA,35.52538128,-82.94250888,622110,GENERAL MEDICAL AND SURGICAL HOSPITALS,2016-01-25T00:00:00.000Z,http://www.haymed.org,NOT AVAILABLE,GOVERNMENT - DISTRICT/AUTHORITY,190,NOT AVAILABLE,Y,HOSPITAL
7528779,HARRIS REGIONAL HOSPITAL,68 HOSPITAL RD,SYLVA,NC,28779,NOT AVAILABLE,(828) 586-7000,GENERAL ACUTE CARE,OPEN,JACKSON,USA,35.38601089,-83.20300137,622110,GENERAL MEDICAL AND SURGICAL HOSPITALS,2016-01-25T00:00:00.000Z,http://www.myharrisregional.com/,NOT AVAILABLE,NON-PROFIT,86,NOT AVAILABLE,NOT AVAILABLE,HOSPITAL
7427870,HALIFAX REGIONAL MEDICAL CENTER,250 SMITH CHURCH RD,ROANOKE RAPIDS,NC,27870,NOT AVAILABLE,(252) 535-8011,GENERAL ACUTE CARE,OPEN,HALIFAX,USA,36.43200621,-77.64641412,622110,GENERAL MEDICAL AND SURGICAL HOSPITALS,2016-01-25T00:00:00.000Z,http://www.halifaxmedicalcenter.org,NOT AVAILABLE,NON-PROFIT,206,NOT AVAILABLE,Y,HOSPITAL
7327565,GRANVILLE HEALTH SYSTEM,1010 COLLEGE ST,OXFORD,NC,27565,NOT AVAILABLE,(919) 690-3000,GENERAL ACUTE CARE,OPEN,GRANVILLE,USA,36.32641569,-78.59335192,622110,GENERAL MEDICAL AND SURGICAL HOSPITALS,2016-01-25T00:00:00.000Z,http://www.granvillemedical.com,NOT AVAILABLE,GOVERNMENT - LOCAL,142,NOT AVAILABLE,Y,HOSPITAL
7228655,CAROLINAS HEALTHCARE SYSTEM BLUE RIDGE,2201 S STERLING ST,MORGANTON,NC,28655,NOT AVAILABLE,(828) 580-5000,GENERAL ACUTE CARE,OPEN,BURKE,USA,35.72639117,-81.65449228,622110,GENERAL MEDICAL AND SURGICAL HOSPITALS,2016-01-25T00:00:00.000Z,http://www.blueridgehealth.org/morganton.html,NOT AVAILABLE,NON-PROFIT,315,NOT AVAILABLE,Y,HOSPITAL
7128053,CAROMONT REGIONAL MEDICAL CENTER,2525 COURT DR,GASTONIA,NC,28053,NOT AVAILABLE,(704) 834-2121,GENERAL ACUTE CARE,OPEN,GASTON,USA,35.2726615,-81.13926383,622110,GENERAL MEDICAL AND SURGICAL HOSPITALS,2016-01-25T00:00:00.000Z,http://www.caromont.org,GASTON MEMORIAL HOSPITAL,NON-PROFIT,435,LEVEL I,Y,HOSPITAL
7028601,FRYE REGIONAL MEDICAL CENTER,420 N CENTER ST,HICKORY,NC,28601,NOT AVAILABLE,(828) 315-5000,GENERAL ACUTE CARE,OPEN,CATAWBA,USA,35.73734647,-81.33727084,622110,GENERAL MEDICAL AND SURGICAL HOSPITALS,2016-01-25T00:00:00.000Z,http://www.fryemedctr.com,NOT AVAILABLE,PROPRIETARY,355,NOT AVAILABLE,NOT AVAILABLE,HOSPITAL
6927549,FRANKLIN REGIONAL MEDICAL CENTER,100 HOSPITAL DR,LOUISBURG,NC,27549,NOT AVAILABLE,(919) 496-5131,GENERAL ACUTE CARE,CLOSED,FRANKLIN,USA,36.11230617,-78.29353379,622110,GENERAL MEDICAL AND SURGICAL HOSPITALS,2012-07-03T00:00:00.000Z,https://www.novanthealth.org/franklin-medical-center.aspx,NOT AVAILABLE,NON-PROFIT,83,NOT AVAILABLE,Y,HOSPITAL
6827103,NOVANT HEALTH FORSYTH MEDICAL CENTER,3333 SILAS CREEK PKWY,WINSTON SALEM,NC,27103,NOT AVAILABLE,(336) 718-5000,GENERAL ACUTE CARE,OPEN,FORSYTH,USA,36.07555041,-80.29728716,622110,GENERAL MEDICAL AND SURGICAL HOSPITALS,2016-01-25T00:00:00.000Z,https://www.novanthealth.org/forsyth-medical-center.aspx,NOT AVAILABLE,NON-PROFIT,919,NOT AVAILABLE,NOT AVAILABLE,HOSPITAL
6728379,FIRSTHEALTH RICHMOND MEMORIAL HOSPITAL,925 LONG DR,ROCKINGHAM,NC,28379,NOT AVAILABLE,(910) 417-3000,GENERAL ACUTE CARE,OPEN,RICHMOND,USA,34.9285935,-79.74991018,622110,GENERAL MEDICAL AND SURGICAL HOSPITALS,2016-01-25T00:00:00.000Z,http://www.firsthealth.org/Hospitals%20&%20Facilities/Richmond%20Memorial%20Hospital/index.asp,NOT AVAILABLE,NON-PROFIT,99,NOT AVAILABLE,Y,HOSPITAL
6628374,FIRSTHEALTH MOORE REG. HOSP. AND PINEHURST TREATMENT,155 MEMORIAL DR,PINEHURST,NC,28374,NOT AVAILABLE,(910) 215-1000,GENERAL ACUTE CARE,OPEN,MOORE,USA,35.20529935,-79.45643853,622110,GENERAL MEDICAL AND SURGICAL HOSPITALS,2016-01-25T00:00:00.000Z,http://www.firsthealth.org,NOT AVAILABLE,NON-PROFIT,372,NOT AVAILABLE,Y,HOSPITAL
6527371,FIRSTHEALTH MONTGOMERY MEMORIAL HOSPITAL,520 ALLEN ST,TROY,NC,27371,NOT AVAILABLE,(910) 572-1301,GENERAL ACUTE CARE,OPEN,MONTGOMERY,USA,35.36481124,-79.8903683,622110,GENERAL MEDICAL AND SURGICAL HOSPITALS,2016-01-25T00:00:00.000Z,http://www.firsthealth.org,NOT AVAILABLE,NON-PROFIT,37,NOT AVAILABLE,NOT AVAILABLE,HOSPITAL
6427704,DUKE REGIONAL HOSPITAL,3643 N ROXBORO RD,DURHAM,NC,27704,NOT AVAILABLE,(919) 470-4000,GENERAL ACUTE CARE,OPEN,DURHAM,USA,36.03679359,-78.90025454,622110,GENERAL MEDICAL AND SURGICAL HOSPITALS,2016-01-25T00:00:00.000Z,http://www.dukeregional.org/,NOT AVAILABLE,NON-PROFIT,369,NOT AVAILABLE,NOT AVAILABLE,HOSPITAL
6328349,VIDANT DUPLIN HOSPITAL,401 N MAIN ST,KENANSVILLE,NC,28349,NOT AVAILABLE,(910) 296-0941,GENERAL ACUTE CARE,OPEN,DUPLIN,USA,34.96527968,-77.96191331,622110,GENERAL MEDICAL AND SURGICAL HOSPITALS,2016-01-25T00:00:00.000Z,https://www.vidanthealth.com/duplin/default.aspx,NOT AVAILABLE,NON-PROFIT,101,NOT AVAILABLE,Y,HOSPITAL
6227710,DUKE UNIVERSITY HOSPITAL,2301 ERWIN RD,DURHAM,NC,27710,NOT AVAILABLE,(919) 684-8076,GENERAL ACUTE CARE,OPEN,DURHAM,USA,36.0070498,-78.93775811,622110,GENERAL MEDICAL AND SURGICAL HOSPITALS,2016-01-25T00:00:00.000Z,http://www.dukehealth.org,NOT AVAILABLE,NON-PROFIT,943,LEVEL I,Y,HOSPITAL
6127611,DUKE HEALTH RALEIGH HOSPITAL,3400 WAKE FOREST RD,RALEIGH,NC,27611,NOT AVAILABLE,(919) 954-3000,GENERAL ACUTE CARE,OPEN,WAKE,USA,35.82853257,-78.61812596,622110,GENERAL MEDICAL AND SURGICAL HOSPITALS,2016-01-25T00:00:00.000Z,http://www.dukehealthraleigh.org,NOT AVAILABLE,NON-PROFIT,186,NOT AVAILABLE,NOT AVAILABLE,HOSPITAL
6028687,DAVIS REGIONAL MEDICAL CENTER,218 OLD MOCKSVILLE RD,STATESVILLE,NC,28687,NOT AVAILABLE,(704) 873-0281,GENERAL ACUTE CARE,OPEN,IREDELL,USA,35.81842867,-80.82871474,622110,GENERAL MEDICAL AND SURGICAL HOSPITALS,2016-01-25T00:00:00.000Z,http://www.davisregional.com,NOT AVAILABLE,PROPRIETARY,149,NOT AVAILABLE,Y,HOSPITAL
5927028,DAVIE COUNTY HOSPITAL,223 HOSPITAL ST,MOCKSVILLE,NC,27028,NOT AVAILABLE,(336) 751-8100,GENERAL ACUTE CARE,OPEN,DAVIE,USA,35.8993762,-80.57179142,622110,GENERAL MEDICAL AND SURGICAL HOSPITALS,2016-01-25T00:00:00.000Z,http://www.daviehospital.org,NOT AVAILABLE,NON-PROFIT,81,NOT AVAILABLE,NOT AVAILABLE,HOSPITAL
5828017,CRAWLEY MEMORIAL HOSPITAL,315 W COLLEGE AVE,SHELBY,NC,28017,NOT AVAILABLE,(704) 434-9466,GENERAL ACUTE CARE,CLOSED,CLEVELAND,USA,35.24985309,-81.67641059,622110,GENERAL MEDICAL AND SURGICAL HOSPITALS,2012-07-03T00:00:00.000Z,http://www.clevelandcountyhealthcaresystem.com/crawleymemorial.html,NOT AVAILABLE,NON-PROFIT,60,NOT AVAILABLE,NOT AVAILABLE,HOSPITAL
5728561,CAROLINA EAST HEALTH SYSTEM,2000 NEUSE BLVD,NEW BERN,NC,28561,NOT AVAILABLE,(252) 633-8640,GENERAL ACUTE CARE,OPEN,CRAVEN,USA,35.11340193,-77.06594289,622110,GENERAL MEDICAL AND SURGICAL HOSPITALS,2016-01-25T00:00:00.000Z,http://www.carolinaeasthealth.com/,NOT AVAILABLE,GOVERNMENT - DISTRICT/AUTHORITY,350,NOT AVAILABLE,Y,HOSPITAL
5628472,COLUMBUS REGIONAL HEALTHCARE SYSTEM,500 JEFFERSON ST,WHITEVILLE,NC,28472,NOT AVAILABLE,(910) 642-8011,GENERAL ACUTE CARE,OPEN,COLUMBUS,USA,34.33773429,-78.69412409,622110,GENERAL MEDICAL AND SURGICAL HOSPITALS,2016-01-25T00:00:00.000Z,http://www.crhealthcare.org,NOT AVAILABLE,GOVERNMENT - DISTRICT/AUTHORITY,154,NOT AVAILABLE,NOT AVAILABLE,HOSPITAL
5528150,CAROLINAS HEALTHCARE SYSTEM CLEVELAND,201 E GROVER ST,SHELBY,NC,28150,NOT AVAILABLE,(704) 487-3245,GENERAL ACUTE CARE,OPEN,CLEVELAND,USA,35.30290424,-81.53639421,622110,GENERAL MEDICAL AND SURGICAL HOSPITALS,2016-01-25T00:00:00.000Z,http://www.carolinashealthcare.org/cleveland,CLEVELAND REGIONAL MEDICAL CENTER,NON-PROFIT,241,LEVEL III,Y,HOSPITAL
5427932,VIDANT CHOWAN HOSPITAL,211 VIRGINIA RD,EDENTON,NC,27932,NOT AVAILABLE,(252) 482-8451,GENERAL ACUTE CARE,OPEN,CHOWAN,USA,36.06997928,-76.61120353,622110,GENERAL MEDICAL AND SURGICAL HOSPITALS,2016-01-25T00:00:00.000Z,http://www.vidanthealth.com,CHOWAN HOSPITAL,NON-PROFIT,89,NOT AVAILABLE,NOT AVAILABLE,HOSPITAL
5327344,"CHATHAM HOSPITAL, INC.",475 PROGRESS BLVD,SILER CITY,NC,27344,NOT AVAILABLE,(919) 663-2113,GENERAL ACUTE CARE,OPEN,CHATHAM,USA,35.7229545,-79.42085536,622110,GENERAL MEDICAL AND SURGICAL HOSPITALS,2016-01-25T00:00:00.000Z,http://www.chathamhospital.org,NOT AVAILABLE,NON-PROFIT,25,NOT AVAILABLE,Y,HOSPITAL
5228646,"CHARLES A. CANNON, JR. MEMORIAL HOSPITAL",434 HOSPITAL DR,LINVILLE,NC,28646,NOT AVAILABLE,(828) 737-7000,GENERAL ACUTE CARE,OPEN,AVERY,USA,36.06031792,-81.88935711,622110,GENERAL MEDICAL AND SURGICAL HOSPITALS,2016-01-25T00:00:00.000Z,http://https://apprhs.org/locations/cannon-memorial-hospital,NOT AVAILABLE,NON-PROFIT,50,NOT AVAILABLE,Y,HOSPITAL
5127330,CENTRAL CAROLINA HOSPITAL,1135 CARTHAGE ST,SANFORD,NC,27330,NOT AVAILABLE,(919) 774-2100,GENERAL ACUTE CARE,OPEN,LEE,USA,35.46907449,-79.18720488,622110,GENERAL MEDICAL AND SURGICAL HOSPITALS,2016-01-25T00:00:00.000Z,http://www.centralcarolinahosp.com,NOT AVAILABLE,PROPRIETARY,127,NOT AVAILABLE,Y,HOSPITAL
5028602,CATAWBA VALLEY MEDICAL CENTER,810 FAIRGROVE CHURCH RD,HICKORY,NC,28602,NOT AVAILABLE,(828) 326-3800,GENERAL ACUTE CARE,OPEN,CATAWBA,USA,35.71385557,-81.26734191,622110,GENERAL MEDICAL AND SURGICAL HOSPITALS,2016-01-25T00:00:00.000Z,http://www.catawbavalleymc.org,NOT AVAILABLE,GOVERNMENT - LOCAL,258,NOT AVAILABLE,Y,HOSPITAL
4928557,CARTERET GENERAL HOSPITAL,3500 ARENDELL ST,MOREHEAD CITY,NC,28557,NOT AVAILABLE,(252) 808-6000,GENERAL ACUTE CARE,OPEN,CARTERET,USA,34.7262095,-76.75504117,622110,GENERAL MEDICAL AND SURGICAL HOSPITALS,2016-01-25T00:00:00.000Z,http://www.ccgh.org,NOT AVAILABLE,GOVERNMENT - LOCAL,135,NOT AVAILABLE,NOT AVAILABLE,HOSPITAL
4828012,CAROLINAS REHABILITATION - MOUNT HOLLY,275 BEATTY DR,BELMONT,NC,28012,NOT AVAILABLE,(704) 355-3398,REHABILITATION,OPEN,GASTON,USA,35.26315796,-81.03012871,622210,"REHABILITATION HOSPITALS (EXCEPT ALCOHOLISM, DRUG ADDICTION)",2016-01-25T00:00:00.000Z,http://www.carolinashealthcare.org/carolinas-rehab,NOT AVAILABLE,GOVERNMENT - LOCAL,40,NOT AVAILABLE,NOT AVAILABLE,HOSPITAL
4728203,CAROLINAS REHABILITATION,1100 BLYTHE BLVD,CHARLOTTE,NC,28203,NOT AVAILABLE,(704) 355-4300,REHABILITATION,OPEN,MECKLENBURG,USA,35.20188495,-80.83871782,622210,"REHABILITATION HOSPITALS (EXCEPT ALCOHOLISM, DRUG ADDICTION)",2016-01-25T00:00:00.000Z,http://www.carolinashealthcare.org/carolinas-rehab,NOT AVAILABLE,NON-PROFIT,70,LEVEL I,NOT AVAILABLE,HOSPITAL
4628232,CAROLINAS MEDICAL CENTER,1000 BLYTHE BLVD,CHARLOTTE,NC,28232,NOT AVAILABLE,(704) 355-2000,GENERAL ACUTE CARE,OPEN,MECKLENBURG,USA,35.20389989,-80.8389018,622110,GENERAL MEDICAL AND SURGICAL HOSPITALS,2016-01-25T00:00:00.000Z,http://www.carolinasmedicalcenter.org,NOT AVAILABLE,GOVERNMENT - DISTRICT/AUTHORITY,1132,I,Y,HOSPITAL
4528256,CAROLINAS MEDICAL CENTER-UNIVERSITY,8800 N TRYON ST,CHARLOTTE,NC,28256,NOT AVAILABLE,(704) 863-6000,GENERAL ACUTE CARE,OPEN,MECKLENBURG,USA,35.30675743,-80.74704794,622110,GENERAL MEDICAL AND SURGICAL HOSPITALS,2016-01-25T00:00:00.000Z,http://www.carolinashealthcare.org/cmc-university,NOT AVAILABLE,GOVERNMENT - DISTRICT/AUTHORITY,100,NOT AVAILABLE,Y,HOSPITAL
4428111,CAROLINAS MEDICAL CENTER-UNION,600 HOSPITAL DR,MONROE,NC,28111,NOT AVAILABLE,(704) 283-3100,GENERAL ACUTE CARE,OPEN,UNION,USA,34.97570679,-80.52284241,622110,GENERAL MEDICAL AND SURGICAL HOSPITALS,2016-01-25T00:00:00.000Z,http://www.carolinashealthcare.org/cmc-uniong,NOT AVAILABLE,GOVERNMENT - DISTRICT/AUTHORITY,227,NOT AVAILABLE,Y,HOSPITAL
4328025,CAROLINAS HEALTHCARE SYSTEM NORTHEAST,920 CHURCH ST N,CONCORD,NC,28025,NOT AVAILABLE,(704) 783-3000,GENERAL ACUTE CARE,OPEN,CABARRUS,USA,35.43610642,-80.60250804,622110,GENERAL MEDICAL AND SURGICAL HOSPITALS,2016-01-25T00:00:00.000Z,http://www.carolinashealthcare.org/northeast,NOT AVAILABLE,NON-PROFIT,457,LEVEL III,Y,HOSPITAL
4228207,CAROLINAS MEDICAL CENTER-MERCY,2001 VAIL AVE,CHARLOTTE,NC,28207,NOT AVAILABLE,(704) 304-5000,GENERAL ACUTE CARE,OPEN,MECKLENBURG,USA,35.21015517,-80.82102909,622110,GENERAL MEDICAL AND SURGICAL HOSPITALS,2016-01-25T00:00:00.000Z,http://www.carolinashealthcare.org/cmc-mercy,NOT AVAILABLE,GOVERNMENT - DISTRICT/AUTHORITY,305,NOT AVAILABLE,NOT AVAILABLE,HOSPITAL
4128093,CAROLINAS MEDICAL CENTER-LINCOLN,433 MCALISTER RD,LINCOLNTON,NC,28093,NOT AVAILABLE,(704) 735-3071,GENERAL ACUTE CARE,OPEN,LINCOLN,USA,35.48991814,-81.20359858,622110,GENERAL MEDICAL AND SURGICAL HOSPITALS,2016-01-25T00:00:00.000Z,http://www.carolinashealthcare.org/body.cfm?id=7626,NOT AVAILABLE,GOVERNMENT - DISTRICT/AUTHORITY,101,NOT AVAILABLE,Y,HOSPITAL
4028813,CAREPARTNERS REHABILITATION HOSPITAL,68 SWEETEN CREEK RD,ASHEVILLE,NC,28813,NOT AVAILABLE,(828) 274-2400,REHABILITATION,OPEN,BUNCOMBE,USA,35.56227109,-82.53131981,622210,"REHABILITATION HOSPITALS (EXCEPT ALCOHOLISM, DRUG ADDICTION)",2016-01-25T00:00:00.000Z,http://www.carepartners.org,NOT AVAILABLE,NON-PROFIT,80,NOT AVAILABLE,NOT AVAILABLE,HOSPITAL
3928302,CAPE FEAR VALLEY MEDICAL CENTER,1638 OWEN DR,FAYETTEVILLE,NC,28302,NOT AVAILABLE,(910) 615-6700,GENERAL ACUTE CARE,OPEN,CUMBERLAND,USA,35.03183873,-78.93305368,622110,GENERAL MEDICAL AND SURGICAL HOSPITALS,2016-01-25T00:00:00.000Z,http://www.capefearvalley.com,NOT AVAILABLE,NON-PROFIT,600,NOT AVAILABLE,Y,HOSPITAL
3828645,CALDWELL MEMORIAL HOSPITAL,321 MULBERRY ST SW,LENOIR,NC,28645,NOT AVAILABLE,(828) 757-5100,GENERAL ACUTE CARE,OPEN,CALDWELL,USA,35.91060653,-81.53516139,622110,GENERAL MEDICAL AND SURGICAL HOSPITALS,2016-01-25T00:00:00.000Z,http://www.caldwell-mem.org,NOT AVAILABLE,NON-PROFIT,110,NOT AVAILABLE,Y,HOSPITAL
3728462,BRUNSWICK COMMUNITY HOSPITAL,240 HOSPITAL DR NE,BOLIVIA,NC,28462,NOT AVAILABLE,(910) 755-8121,GENERAL ACUTE CARE,CLOSED,BRUNSWICK,USA,34.00895807,-78.29090656,622110,GENERAL MEDICAL AND SURGICAL HOSPITALS,2012-07-03T00:00:00.000Z,http://brunswicknovant.org/,NOT AVAILABLE,NON-PROFIT,60,NOT AVAILABLE,Y,HOSPITAL
3628777,"BLUE RIDGE REGIONAL HOSPITAL, INC",125 HOSPITAL DR,SPRUCE PINE,NC,28777,NOT AVAILABLE,(828) 765-4201,GENERAL ACUTE CARE,OPEN,MITCHELL,USA,35.91099,-82.06277435,622110,GENERAL MEDICAL AND SURGICAL HOSPITALS,2016-01-25T00:00:00.000Z,http://www.spchospital.org,NOT AVAILABLE,NON-PROFIT,46,NOT AVAILABLE,Y,HOSPITAL
3528605,BLOWING ROCK HOSPITAL,418 CHESTNUT ST,BLOWING ROCK,NC,28605,NOT AVAILABLE,(828) 295-3136,GENERAL ACUTE CARE,CLOSED,WATAUGA,USA,36.12891689,-81.67791482,622110,GENERAL MEDICAL AND SURGICAL HOSPITALS,2012-07-03T00:00:00.000Z,http://https://apprhs.org/locations/blowing-rock-hospital,NOT AVAILABLE,NON-PROFIT,100,NOT AVAILABLE,NOT AVAILABLE,HOSPITAL
3428337,CAPE FEAR VALLEY - BLADEN COUNTY HOSPITAL,501 S POPLAR ST,ELIZABETHTOWN,NC,28337,NOT AVAILABLE,(910) 862-5179,GENERAL ACUTE CARE,OPEN,BLADEN,USA,34.62243393,-78.60800449,622110,GENERAL MEDICAL AND SURGICAL HOSPITALS,2016-01-25T00:00:00.000Z,http://www.capefearvalley.com/bladen/home.html,BLADEN COUNTY HOSPITAL,NON-PROFIT,58,NOT AVAILABLE,Y,HOSPITAL
3328335,BETSY JOHNSON HOSPITAL,800 TILGHMAN DR,DUNN,NC,28335,NOT AVAILABLE,(910) 892-7161,GENERAL ACUTE CARE,OPEN,HARNETT,USA,35.30703274,-78.63466618,622110,GENERAL MEDICAL AND SURGICAL HOSPITALS,2016-01-25T00:00:00.000Z,http://www.bjrh.org/,NOT AVAILABLE,NON-PROFIT,151,NOT AVAILABLE,Y,HOSPITAL
3227983,VIDANT BERTIE HOSPITAL,1403 S KING ST,WINDSOR,NC,27983,NOT AVAILABLE,(252) 794-6600,GENERAL ACUTE CARE,OPEN,BERTIE,USA,35.98864755,-76.92824949,622110,GENERAL MEDICAL AND SURGICAL HOSPITALS,2016-01-25T00:00:00.000Z,https://www.vidanthealth.com/bertie/dynamic-detail.aspx?id=381,BERTIE MEMORIAL HOSPITAL,NON-PROFIT,6,NOT AVAILABLE,Y,HOSPITAL
3127889,VIDANT BEAUFORT HOSPITAL,628 E TWELFTH ST,WASHINGTON,NC,27889,NOT AVAILABLE,(252) 975-4100,GENERAL ACUTE CARE,OPEN,BEAUFORT,USA,35.54922191,-77.03783805,622110,GENERAL MEDICAL AND SURGICAL HOSPITALS,2016-01-25T00:00:00.000Z,https://www.vidanthealth.com/beaufort/,BEAUFORT COUNTY HOSPITAL,NON-PROFIT,142,NOT AVAILABLE,NOT AVAILABLE,HOSPITAL
3028801,ASHEVILLE SPECIALTY HOSPITAL,428 BILTMORE AVE,ASHEVILLE,NC,28801,NOT AVAILABLE,(828) 213-5400,LONG TERM CARE,OPEN,BUNCOMBE,USA,35.58055669,-82.54999055,622310,"EXTENDED CARE HOSPITALS (EXCEPT MENTAL, SUBSTANCE ABUSE)",2016-01-25T00:00:00.000Z,http://www.missionhospitals.org/acute-care,NOT AVAILABLE,PROPRIETARY,34,NOT AVAILABLE,NOT AVAILABLE,HOSPITAL
2928640,"ASHE MEMORIAL HOSPITAL, INC.",200 HOSPITAL AVE,JEFFERSON,NC,28640,NOT AVAILABLE,(336) 846-7101,GENERAL ACUTE CARE,OPEN,ASHE,USA,36.42330853,-81.45752318,622110,GENERAL MEDICAL AND SURGICAL HOSPITALS,2016-01-25T00:00:00.000Z,http://www.ashememorial.org,NOT AVAILABLE,NON-PROFIT,76,NOT AVAILABLE,Y,HOSPITAL
2828170,ANSON COMMUNITY HOSPITAL,500 MORVEN RD,WADESBORO,NC,28170,NOT AVAILABLE,(704) 694-5131,GENERAL ACUTE CARE,CLOSED,ANSON,USA,34.96142917,-80.07594002,622110,GENERAL MEDICAL AND SURGICAL HOSPITALS,2012-07-03T00:00:00.000Z,http://www.carolinashealthcare.org/anson-community-hospital,NOT AVAILABLE,GOVERNMENT - DISTRICT/AUTHORITY,147,NOT AVAILABLE,NOT AVAILABLE,HOSPITAL
2727320,ANNIE PENN HOSPITAL,618 S MAIN ST,REIDSVILLE,NC,27320,NOT AVAILABLE,(336) 951-4000,GENERAL ACUTE CARE,OPEN,ROCKINGHAM,USA,36.35324487,-79.66752159,622110,GENERAL MEDICAL AND SURGICAL HOSPITALS,2016-01-25T00:00:00.000Z,www.conehealth.com/locations/annie-penn-hospital,NOT AVAILABLE,NON-PROFIT,110,NOT AVAILABLE,NOT AVAILABLE,HOSPITAL
2628744,ANGEL MEDICAL CENTER,120 RIVERVIEW ST,FRANKLIN,NC,28744,NOT AVAILABLE,(828) 524-8411,GENERAL ACUTE CARE,OPEN,MACON,USA,35.18466142,-83.37868892,622110,GENERAL MEDICAL AND SURGICAL HOSPITALS,2016-01-25T00:00:00.000Z,http://www.angelmed.org,NOT AVAILABLE,GOVERNMENT - DISTRICT/AUTHORITY,59,NOT AVAILABLE,Y,HOSPITAL
2528675,ALLEGHANY MEMORIAL HOSPITAL,233 DOCTORS ST,SPARTA,NC,28675,NOT AVAILABLE,(336) 372-5511,GENERAL ACUTE CARE,OPEN,ALLEGHANY,USA,36.50952105,-81.11461101,622110,GENERAL MEDICAL AND SURGICAL HOSPITALS,2016-01-25T00:00:00.000Z,http://www.amhsparta.org,NOT AVAILABLE,NON-PROFIT,41,NOT AVAILABLE,Y,HOSPITAL
2427906,SENTARA ALBEMARLE MEDICAL CENTER,1144 N RD ST,ELIZABETH CITY,NC,27906,NOT AVAILABLE,(252) 384-4600,GENERAL ACUTE CARE,OPEN,PASQUOTANK,USA,36.32359631,-76.21793333,622110,GENERAL MEDICAL AND SURGICAL HOSPITALS,2016-01-25T00:00:00.000Z,http://www.sentara.com/albemarle-north-carolina/default.aspx,ALBEMARLE HOSPITAL,NON-PROFIT,182,NOT AVAILABLE,Y,HOSPITAL
2328719,CHEROKEE INDIAN HOSPITAL AUTHORITY,1144 N RD ST,CHEROKEE,NC,28719,NOT AVAILABLE,(828) 497-9163,CRITICAL ACCESS,OPEN,SWAIN,USA,35.48485497,-83.3233844,622110,GENERAL MEDICAL AND SURGICAL HOSPITALS,2015-03-23T00:00:00.000Z,www.cherokee-hmd.com/‎,NOT AVAILABLE,NON-PROFIT,28,NOT AVAILABLE,Y,HOSPITAL
2328106,NOVANT HEALTH MATTHEWS MEDICAL CENTER,1500 MATTHEWS TOWNSHIP PKWY,MATTHEWS,NC,28106,NOT AVAILABLE,(704) 384-6370,GENERAL ACUTE CARE,OPEN,MECKLENBURG,USA,35.11998481,-80.71407841,622110,GENERAL MEDICAL AND SURGICAL HOSPITALS,2016-01-25T00:00:00.000Z,https://www.novanthealth.org/matthews-medical-center.aspx,MATTHEWS MEDICAL CENTER,NON-PROFIT,146,NOT AVAILABLE,Y,HOSPITAL
2228078,NOVANT HEALTH HUNTERSVILLE MEDICAL CENTER,10030 GILEAD RD,HUNTERSVILLE,NC,28078,NOT AVAILABLE,(704) 316-4010,GENERAL ACUTE CARE,OPEN,MECKLENBURG,USA,35.40644418,-80.8602609,622110,GENERAL MEDICAL AND SURGICAL HOSPITALS,2016-01-25T00:00:00.000Z,https://www.novanthealth.org/huntersville-medical-center.aspx,HUNTERSVILLE MEDICAL CENTER,NON-PROFIT,91,NOT AVAILABLE,Y,HOSPITAL
2128233,NOVANT HEALTH PRESBYTERIAN MEDICAL CENTER,200 HAWTHORNE LN,CHARLOTTE,NC,28233,NOT AVAILABLE,(704) 384-4000,GENERAL ACUTE CARE,OPEN,MECKLENBURG,USA,35.21183819,-80.82416444,622110,GENERAL MEDICAL AND SURGICAL HOSPITALS,2016-01-25T00:00:00.000Z,https://www.novanthealth.org/presbyterian-medical-center.aspx,PRESBYTERIAN MEDICAL CENTER,NON-PROFIT,661,NOT AVAILABLE,Y,HOSPITAL
2027835,VIDANT MEDICAL CENTER,2100 STANTONSBURG RD,GREENVILLE,NC,27835,NOT AVAILABLE,(252) 847-4451,GENERAL ACUTE CARE,OPEN,PITT,USA,35.60786168,-77.40403107,622110,GENERAL MEDICAL AND SURGICAL HOSPITALS,2016-01-25T00:00:00.000Z,https://www.vidanthealth.com/medicalcenter/default.aspx,NOT AVAILABLE,NON-PROFIT,909,LEVEL III,Y,HOSPITAL
1927573,PERSON MEMORIAL HOSPITAL,615 RIDGE RD,ROXBORO,NC,27573,NOT AVAILABLE,(336) 599-2121,GENERAL ACUTE CARE,OPEN,PERSON,USA,36.40845347,-78.98489524,622110,GENERAL MEDICAL AND SURGICAL HOSPITALS,2016-01-25T00:00:00.000Z,http://www.personhospital.com,NOT AVAILABLE,NON-PROFIT,110,NOT AVAILABLE,Y,HOSPITAL
1828425,"PENDER MEMORIAL HOSPITAL, INC.",507 E FREMONT ST,BURGAW,NC,28425,NOT AVAILABLE,(910) 259-5451,GENERAL ACUTE CARE,OPEN,PENDER,USA,34.55066755,-77.91987507,622110,GENERAL MEDICAL AND SURGICAL HOSPITALS,2016-01-25T00:00:00.000Z,http://www.pendermemorial.org,NOT AVAILABLE,GOVERNMENT - LOCAL,86,NOT AVAILABLE,Y,HOSPITAL
1728732,PARK RIDGE HOSPITAL,100 HOSPITAL DR,HENDERSONVILLE,NC,28732,NOT AVAILABLE,(828) 684-8501,GENERAL ACUTE CARE,OPEN,HENDERSON,USA,35.3900433,-82.48819301,622110,GENERAL MEDICAL AND SURGICAL HOSPITALS,2016-01-25T00:00:00.000Z,http://www.parkridgehealth.org,NOT AVAILABLE,NON-PROFIT,103,NOT AVAILABLE,Y,HOSPITAL
1627874,OUR COMMUNITY HOSPITAL,921 JUNIOR HIGH RD,SCOTLAND NECK,NC,27874,NOT AVAILABLE,(252) 826-4144,GENERAL ACUTE CARE,OPEN,HALIFAX,USA,36.12914214,-77.42971866,622110,GENERAL MEDICAL AND SURGICAL HOSPITALS,2016-01-25T00:00:00.000Z,http://www.och-bltc.org,NOT AVAILABLE,NON-PROFIT,100,NOT AVAILABLE,Y,HOSPITAL
1528541,ONSLOW MEMORIAL HOSPITAL,317 WESTERN BLVD,JACKSONVILLE,NC,28541,NOT AVAILABLE,(910) 577-2345,GENERAL ACUTE CARE,OPEN,ONSLOW,USA,34.76275933,-77.38498682,622110,GENERAL MEDICAL AND SURGICAL HOSPITALS,2016-01-25T00:00:00.000Z,http://www.onslow.org,NOT AVAILABLE,GOVERNMENT - DISTRICT/AUTHORITY,162,NOT AVAILABLE,Y,HOSPITAL
1427030,NORTHERN HOSPITAL OF SURRY COUNTY,830 ROCKFORD ST,MOUNT AIRY,NC,27030,NOT AVAILABLE,(336) 719-7100,GENERAL ACUTE CARE,OPEN,SURRY,USA,36.48860409,-80.6121681,622110,GENERAL MEDICAL AND SURGICAL HOSPITALS,2016-01-25T00:00:00.000Z,http://www.northernhospital.com,NOT AVAILABLE,GOVERNMENT - DISTRICT/AUTHORITY,133,NOT AVAILABLE,Y,HOSPITAL
1327704,NORTH CAROLINA SPECIALTY HOSPITAL,3916 BEN FRANKLIN BLVD,DURHAM,NC,27704,NOT AVAILABLE,(919) 956-9300,GENERAL ACUTE CARE,OPEN,DURHAM,USA,36.04303607,-78.89699467,622110,GENERAL MEDICAL AND SURGICAL HOSPITALS,2016-01-25T00:00:00.000Z,http://www.ncspecialty.com,NOT AVAILABLE,PROPRIETARY,18,NOT AVAILABLE,NOT AVAILABLE,HOSPITAL
1227157,NORTH CAROLINA BAPTIST HOSPITAL,MEDICAL CENTER BLVD,WINSTON SALEM,NC,27157,NOT AVAILABLE,(336) 716-4750,GENERAL ACUTE CARE,OPEN,FORSYTH,USA,36.08964961,-80.26817483,622110,GENERAL MEDICAL AND SURGICAL HOSPITALS,2016-01-25T00:00:00.000Z,http://www.wakehealth.edu/,NOT AVAILABLE,NON-PROFIT,872,LEVEL I,Y,HOSPITAL
1128401,NEW HANOVER REGIONAL MEDICAL CENTER,2228 S 17TH ST/FISCAL SERVICES,WILMINGTON,NC,28401,NOT AVAILABLE,(910) 343-7040,GENERAL ACUTE CARE,OPEN,NEW HANOVER,USA,34.20546384,-77.92128482,622110,GENERAL MEDICAL AND SURGICAL HOSPITALS,2016-01-25T00:00:00.000Z,http://www.nhhn.org,NOT AVAILABLE,GOVERNMENT - LOCAL,769,LEVEL II,Y,HOSPITAL
1027804,NASH GENERAL HOSPITAL,2460 CURTIS ELLIS DR,ROCKY MOUNT,NC,27804,NOT AVAILABLE,(252) 443-8070,GENERAL ACUTE CARE,OPEN,NASH,USA,35.97615597,-77.85231081,622110,GENERAL MEDICAL AND SURGICAL HOSPITALS,2016-01-25T00:00:00.000Z,http://www.nhcs.org,NOT AVAILABLE,GOVERNMENT - DISTRICT/AUTHORITY,353,NOT AVAILABLE,Y,HOSPITAL
928906,MURPHY MEDICAL CENTER,3990 E US HWY 64,MURPHY,NC,28906,NOT AVAILABLE,(828) 837-8161,GENERAL ACUTE CARE,OPEN,CHEROKEE,USA,35.0727129,-83.96666241,622110,GENERAL MEDICAL AND SURGICAL HOSPITALS,2016-01-25T00:00:00.000Z,http://www.murphymedical.org,NOT AVAILABLE,NON-PROFIT,191,NOT AVAILABLE,Y,HOSPITAL
827401,MOSES CONE MEMORIAL HOSPITAL,1200 N ELM ST,GREENSBORO,NC,27401,NOT AVAILABLE,(336) 832-7000,GENERAL ACUTE CARE,OPEN,GUILFORD,USA,36.09088474,-79.78645738,622110,GENERAL MEDICAL AND SURGICAL HOSPITALS,2016-01-25T00:00:00.000Z,http://www.conehealth.com/locations/moses-cone-hospital/,NOT AVAILABLE,NON-PROFIT,906,LEVEL II,NOT AVAILABLE,HOSPITAL
727288,MOREHEAD MEMORIAL HOSPITAL,117 E KINGS HWY,EDEN,NC,27288,NOT AVAILABLE,(336) 623-9711,GENERAL ACUTE CARE,OPEN,ROCKINGHAM,USA,36.49471631,-79.73944428,622110,GENERAL MEDICAL AND SURGICAL HOSPITALS,2016-01-25T00:00:00.000Z,http://www.morehead.org,NOT AVAILABLE,NON-PROFIT,242,NOT AVAILABLE,Y,HOSPITAL
628801,MEMORIAL MISSION HOSPITAL AND ASHEVILLE SURGERY CENTER,509 BILTMORE AVE,ASHEVILLE,NC,28801,NOT AVAILABLE,(828) 213-1111,GENERAL ACUTE CARE,OPEN,BUNCOMBE,USA,35.57657257,-82.54914322,622110,GENERAL MEDICAL AND SURGICAL HOSPITALS,2016-01-25T00:00:00.000Z,http://www.missionhospitals.org,NOT AVAILABLE,NON-PROFIT,763,LEVEL II,Y,HOSPITAL
527103,NOVANT HEALTH MEDICAL PARK HOSPITAL,1950 S HAWTHORNE RD,WINSTON SALEM,NC,27103,NOT AVAILABLE,(336) 718-0600,GENERAL ACUTE CARE,OPEN,FORSYTH,USA,36.07894515,-80.29619446,622110,GENERAL MEDICAL AND SURGICAL HOSPITALS,2016-01-25T00:00:00.000Z,http://www.novanthealth.org,NOT AVAILABLE,NON-PROFIT,22,NOT AVAILABLE,NOT AVAILABLE,HOSPITAL
427892,MARTIN GENERAL HOSPITAL,310 S MCCASKEY RD,WILLIAMSTON,NC,27892,NOT AVAILABLE,(252) 809-6179,GENERAL ACUTE CARE,OPEN,MARTIN,USA,35.8397907,-77.072254,622110,GENERAL MEDICAL AND SURGICAL HOSPITALS,2016-01-25T00:00:00.000Z,http://www.martingeneral.com,NOT AVAILABLE,PROPRIETARY,49,NOT AVAILABLE,Y,HOSPITAL
327536,MARIA PARHAM MEDICAL CENTER,566 RUIN CREEK RD,HENDERSON,NC,27536,NOT AVAILABLE,(252) 436-1100,GENERAL ACUTE CARE,OPEN,VANCE,USA,36.33086506,-78.44944646,622110,GENERAL MEDICAL AND SURGICAL HOSPITALS,2016-01-25T00:00:00.000Z,http://www.mariaparham.com,NOT AVAILABLE,NON-PROFIT,102,NOT AVAILABLE,Y,HOSPITAL
228791,MARGARET R. PARDEE MEMORIAL HOSPITAL,800 N JUSTICE ST,HENDERSONVILLE,NC,28791,NOT AVAILABLE,(828) 696-1000,GENERAL ACUTE CARE,OPEN,HENDERSON,USA,35.32031436,-82.46708042,622110,GENERAL MEDICAL AND SURGICAL HOSPITALS,2016-01-25T00:00:00.000Z,http://www.pardeehospital.org,NOT AVAILABLE,GOVERNMENT - LOCAL,222,NOT AVAILABLE,Y,HOSPITAL
127216,ALAMANCE REGIONAL MEDICAL CENTER,1240 HUFFMAN MILL RD,BURLINGTON,NC,27216,NOT AVAILABLE,(336) 538-7450,GENERAL ACUTE CARE,OPEN,ALAMANCE,USA,36.06120389,-79.50224357,622110,GENERAL MEDICAL AND SURGICAL HOSPITALS,2016-01-25T00:00:00.000Z,http://www.armc.com,NOT AVAILABLE,NON-PROFIT,238,NOT AVAILABLE,Y,HOSPITAL
129,WAKEMED APEX HEALTHPLEX,120 HEALTHPLEX WAY,APEX,NC,27502,NOT AVAILABLE,(919) 350-2300,GENERAL ACUTE CARE,OPEN,WAKE,USA,35.73892301,-78.86762252,622110,GENERAL MEDICAL AND SURGICAL HOSPITALS,2016-01-25T00:00:00.000Z,http://www.wakemed.org/landing.cfm?id=759,NOT AVAILABLE,NOT AVAILABLE,12,NOT AVAILABLE,NOT AVAILABLE,HOSPITAL
128,NOVANT HEALTH BRUNSWICK MEDICAL CENTER,240 HOSPITAL DR NE,BOLIVIA,NC,28422,NOT AVAILABLE,(910) 721-1700,GENERAL ACUTE CARE,OPEN,BRUNSWICK,USA,34.03136121,-78.26144541,622110,GENERAL MEDICAL AND SURGICAL HOSPITALS,2016-01-25T00:00:00.000Z,http://local.elitehearingnetwork.com/bolivia-nc-hearing-center.html,NOT AVAILABLE,NOT AVAILABLE,74,NOT AVAILABLE,NOT AVAILABLE,HOSPITAL
127,NEW HANOVER REGIONAL MEDICAL CENTER ORTHOPEDIC HOSPITAL,5301 WRIGHTSVILLE AVE,WILMINGTON,NC,28403,NOT AVAILABLE,(910) 452-8100,GENERAL ACUTE CARE,OPEN,NEW HANOVER,USA,34.21265039,-77.86266882,622110,GENERAL MEDICAL AND SURGICAL HOSPITALS,2016-01-25T00:00:00.000Z,https://www.nhrmc.org/locations/nhrmc-orthopedic-hospital,CAPE FEAR HOSPITAL,NOT AVAILABLE,94,NOT AVAILABLE,NOT AVAILABLE,HOSPITAL
126,KERNERSVILLE MEDICAL CENTER-ER,1750 KERNERSVILLE MEDICAL PKWY,KERNERSVILLE,NC,27284,NOT AVAILABLE,(336) 564-4000,GENERAL ACUTE CARE,CLOSED,FORSYTH,USA,36.09096032,-80.04415038,622110,GENERAL MEDICAL AND SURGICAL HOSPITALS,2015-05-16T00:00:00.000Z,https://www.novanthealth.org/kernersville-medical-center.aspx,NOT AVAILABLE,NON-PROFIT,100,NOT AVAILABLE,NOT AVAILABLE,HOSPITAL
37,WOMACK ARMY MEDICAL CENTER,2817 REILLY RD,FORT BRAGG,NC,28307,NOT AVAILABLE,(910) 907-6000,MILITARY,OPEN,CUMBERLAND,USA,35.14562624,-79.00217023,622110,GENERAL MEDICAL AND SURGICAL HOSPITALS,2015-07-20T00:00:00.000Z,http://www.wamc.amedd.army.mil/,NOT AVAILABLE,GOVERNMENT - FEDERAL,110,NOT AVAILABLE,Y,HOSPITAL
13,NAVAL HOSPITAL CAMP LEJEUNE,100 BREWSTER BLVD,CAMP LEJEUNE,NC,28547,NOT AVAILABLE,(910) 450-4300,MILITARY,OPEN,ONSLOW,USA,34.72306625,-77.35805206,622110,GENERAL MEDICAL AND SURGICAL HOSPITALS,2015-07-20T00:00:00.000Z,http://www.med.navy.mil/sites/nhcl/Pages/default.aspx,NOT AVAILABLE,GOVERNMENT - FEDERAL,71,NOT AVAILABLE,Y,HOSPITAL